"statement_id","context","keyword","statement_date","issue_date","author","title","produced_by","released_by","posted_by","media_type","access","link"
"ZAR20050712"," ","Abu al-Layth al-Libi",NULL,"7/12/2005","Abu Musab al-Zarqawi","Clarification of Issues Raised By Sheikh Maqdisi During His Interview With Al-Jazeera Television",NULL,"Jihad Unspun","Caroline Clowney","Audio Transcript","All Users","http://thesis.haverford.edu/dspace/bitstream/handle/10066/4760/ZAR20050712.pdf?sequence=3"
"ZAR20050712"," ","Abu Ghraib",NULL,"7/12/2005","Abu Musab al-Zarqawi","Clarification of Issues Raised By Sheikh Maqdisi During His Interview With Al-Jazeera Television",NULL,"Jihad Unspun","Caroline Clowney","Audio Transcript","All Users","http://thesis.haverford.edu/dspace/bitstream/handle/10066/4760/ZAR20050712.pdf?sequence=3"
"ZAR20050712"," ","Abu Hamza al-Mujahir",NULL,"7/12/2005","Abu Musab al-Zarqawi","Clarification of Issues Raised By Sheikh Maqdisi During His Interview With Al-Jazeera Television",NULL,"Jihad Unspun","Caroline Clowney","Audio Transcript","All Users","http://thesis.haverford.edu/dspace/bitstream/handle/10066/4760/ZAR20050712.pdf?sequence=3"
"ZAR20050712"," ","Abu Muhammad Asem al-Maqdisi",NULL,"7/12/2005","Abu Musab al-Zarqawi","Clarification of Issues Raised By Sheikh Maqdisi During His Interview With Al-Jazeera Television",NULL,"Jihad Unspun","Caroline Clowney","Audio Transcript","All Users","http://thesis.haverford.edu/dspace/bitstream/handle/10066/4760/ZAR20050712.pdf?sequence=3"
"ZAR20050712"," ","Abu Musab al-Zarqawi",NULL,"7/12/2005","Abu Musab al-Zarqawi","Clarification of Issues Raised By Sheikh Maqdisi During His Interview With Al-Jazeera Television",NULL,"Jihad Unspun","Caroline Clowney","Audio Transcript","All Users","http://thesis.haverford.edu/dspace/bitstream/handle/10066/4760/ZAR20050712.pdf?sequence=3"
"ZAR20050712"," ","Afghanistan",NULL,"7/12/2005","Abu Musab al-Zarqawi","Clarification of Issues Raised By Sheikh Maqdisi During His Interview With Al-Jazeera Television",NULL,"Jihad Unspun","Caroline Clowney","Audio Transcript","All Users","http://thesis.haverford.edu/dspace/bitstream/handle/10066/4760/ZAR20050712.pdf?sequence=3"
"ZAR20050712"," ","al-Jazeera",NULL,"7/12/2005","Abu Musab al-Zarqawi","Clarification of Issues Raised By Sheikh Maqdisi During His Interview With Al-Jazeera Television",NULL,"Jihad Unspun","Caroline Clowney","Audio Transcript","All Users","http://thesis.haverford.edu/dspace/bitstream/handle/10066/4760/ZAR20050712.pdf?sequence=3"
"ZAR20050712"," ","Ayman al-Zawahiri",NULL,"7/12/2005","Abu Musab al-Zarqawi","Clarification of Issues Raised By Sheikh Maqdisi During His Interview With Al-Jazeera Television",NULL,"Jihad Unspun","Caroline Clowney","Audio Transcript","All Users","http://thesis.haverford.edu/dspace/bitstream/handle/10066/4760/ZAR20050712.pdf?sequence=3"
"ZAR20050712"," ","Christians",NULL,"7/12/2005","Abu Musab al-Zarqawi","Clarification of Issues Raised By Sheikh Maqdisi During His Interview With Al-Jazeera Television",NULL,"Jihad Unspun","Caroline Clowney","Audio Transcript","All Users","http://thesis.haverford.edu/dspace/bitstream/handle/10066/4760/ZAR20050712.pdf?sequence=3"
"ZAR20050712"," ","Crusaders",NULL,"7/12/2005","Abu Musab al-Zarqawi","Clarification of Issues Raised By Sheikh Maqdisi During His Interview With Al-Jazeera Television",NULL,"Jihad Unspun","Caroline Clowney","Audio Transcript","All Users","http://thesis.haverford.edu/dspace/bitstream/handle/10066/4760/ZAR20050712.pdf?sequence=3"
"ZAR20050712"," ","George W. Bush",NULL,"7/12/2005","Abu Musab al-Zarqawi","Clarification of Issues Raised By Sheikh Maqdisi During His Interview With Al-Jazeera Television",NULL,"Jihad Unspun","Caroline Clowney","Audio Transcript","All Users","http://thesis.haverford.edu/dspace/bitstream/handle/10066/4760/ZAR20050712.pdf?sequence=3"
"ZAR20050712"," ","Guantanamo Bay",NULL,"7/12/2005","Abu Musab al-Zarqawi","Clarification of Issues Raised By Sheikh Maqdisi During His Interview With Al-Jazeera Television",NULL,"Jihad Unspun","Caroline Clowney","Audio Transcript","All Users","http://thesis.haverford.edu/dspace/bitstream/handle/10066/4760/ZAR20050712.pdf?sequence=3"
"ZAR20050712"," ","Iraq",NULL,"7/12/2005","Abu Musab al-Zarqawi","Clarification of Issues Raised By Sheikh Maqdisi During His Interview With Al-Jazeera Television",NULL,"Jihad Unspun","Caroline Clowney","Audio Transcript","All Users","http://thesis.haverford.edu/dspace/bitstream/handle/10066/4760/ZAR20050712.pdf?sequence=3"
"ZAR20050712"," ","Osama bin Laden",NULL,"7/12/2005","Abu Musab al-Zarqawi","Clarification of Issues Raised By Sheikh Maqdisi During His Interview With Al-Jazeera Television",NULL,"Jihad Unspun","Caroline Clowney","Audio Transcript","All Users","http://thesis.haverford.edu/dspace/bitstream/handle/10066/4760/ZAR20050712.pdf?sequence=3"
"ZAR20050712"," ","Shiites",NULL,"7/12/2005","Abu Musab al-Zarqawi","Clarification of Issues Raised By Sheikh Maqdisi During His Interview With Al-Jazeera Television",NULL,"Jihad Unspun","Caroline Clowney","Audio Transcript","All Users","http://thesis.haverford.edu/dspace/bitstream/handle/10066/4760/ZAR20050712.pdf?sequence=3"
"ZAR20050712"," ","Sunnis",NULL,"7/12/2005","Abu Musab al-Zarqawi","Clarification of Issues Raised By Sheikh Maqdisi During His Interview With Al-Jazeera Television",NULL,"Jihad Unspun","Caroline Clowney","Audio Transcript","All Users","http://thesis.haverford.edu/dspace/bitstream/handle/10066/4760/ZAR20050712.pdf?sequence=3"
"ZAR20050712"," ","Youth",NULL,"7/12/2005","Abu Musab al-Zarqawi","Clarification of Issues Raised By Sheikh Maqdisi During His Interview With Al-Jazeera Television",NULL,"Jihad Unspun","Caroline Clowney","Audio Transcript","All Users","http://thesis.haverford.edu/dspace/bitstream/handle/10066/4760/ZAR20050712.pdf?sequence=3"
"ZAR20050712","Abu al-Layth al-Libi","Leader of Jihad",NULL,"7/12/2005","Abu Musab al-Zarqawi","Clarification of Issues Raised By Sheikh Maqdisi During His Interview With Al-Jazeera Television",NULL,"Jihad Unspun","Caroline Clowney","Audio Transcript","All Users","http://thesis.haverford.edu/dspace/bitstream/handle/10066/4760/ZAR20050712.pdf?sequence=3"
"ZAR20050712","Abu Ghraib","Imprisonment",NULL,"7/12/2005","Abu Musab al-Zarqawi","Clarification of Issues Raised By Sheikh Maqdisi During His Interview With Al-Jazeera Television",NULL,"Jihad Unspun","Caroline Clowney","Audio Transcript","All Users","http://thesis.haverford.edu/dspace/bitstream/handle/10066/4760/ZAR20050712.pdf?sequence=3"
"ZAR20050712","Abu Hamza al-Mujahir","Leader of Jihad",NULL,"7/12/2005","Abu Musab al-Zarqawi","Clarification of Issues Raised By Sheikh Maqdisi During His Interview With Al-Jazeera Television",NULL,"Jihad Unspun","Caroline Clowney","Audio Transcript","All Users","http://thesis.haverford.edu/dspace/bitstream/handle/10066/4760/ZAR20050712.pdf?sequence=3"
"ZAR20050712","Abu Muhammad Asem al-Maqdisi","Agent of the West",NULL,"7/12/2005","Abu Musab al-Zarqawi","Clarification of Issues Raised By Sheikh Maqdisi During His Interview With Al-Jazeera Television",NULL,"Jihad Unspun","Caroline Clowney","Audio Transcript","All Users","http://thesis.haverford.edu/dspace/bitstream/handle/10066/4760/ZAR20050712.pdf?sequence=3"
"ZAR20050712","Abu Muhammad Asem al-Maqdisi","Counterislamic Propaganda",NULL,"7/12/2005","Abu Musab al-Zarqawi","Clarification of Issues Raised By Sheikh Maqdisi During His Interview With Al-Jazeera Television",NULL,"Jihad Unspun","Caroline Clowney","Audio Transcript","All Users","http://thesis.haverford.edu/dspace/bitstream/handle/10066/4760/ZAR20050712.pdf?sequence=3"
"ZAR20050712","Abu Musab al-Zarqawi","Jihadi Strategy",NULL,"7/12/2005","Abu Musab al-Zarqawi","Clarification of Issues Raised By Sheikh Maqdisi During His Interview With Al-Jazeera Television",NULL,"Jihad Unspun","Caroline Clowney","Audio Transcript","All Users","http://thesis.haverford.edu/dspace/bitstream/handle/10066/4760/ZAR20050712.pdf?sequence=3"
"ZAR20050712","Afghanistan","Area of Jihad",NULL,"7/12/2005","Abu Musab al-Zarqawi","Clarification of Issues Raised By Sheikh Maqdisi During His Interview With Al-Jazeera Television",NULL,"Jihad Unspun","Caroline Clowney","Audio Transcript","All Users","http://thesis.haverford.edu/dspace/bitstream/handle/10066/4760/ZAR20050712.pdf?sequence=3"
"ZAR20050712","Afghanistan","Jihadi Strategy",NULL,"7/12/2005","Abu Musab al-Zarqawi","Clarification of Issues Raised By Sheikh Maqdisi During His Interview With Al-Jazeera Television",NULL,"Jihad Unspun","Caroline Clowney","Audio Transcript","All Users","http://thesis.haverford.edu/dspace/bitstream/handle/10066/4760/ZAR20050712.pdf?sequence=3"
"ZAR20050712","al-Jazeera","Counterislamic Propaganda",NULL,"7/12/2005","Abu Musab al-Zarqawi","Clarification of Issues Raised By Sheikh Maqdisi During His Interview With Al-Jazeera Television",NULL,"Jihad Unspun","Caroline Clowney","Audio Transcript","All Users","http://thesis.haverford.edu/dspace/bitstream/handle/10066/4760/ZAR20050712.pdf?sequence=3"
"ZAR20050712","Ayman al-Zawahiri","Leader of Jihad",NULL,"7/12/2005","Abu Musab al-Zarqawi","Clarification of Issues Raised By Sheikh Maqdisi During His Interview With Al-Jazeera Television",NULL,"Jihad Unspun","Caroline Clowney","Audio Transcript","All Users","http://thesis.haverford.edu/dspace/bitstream/handle/10066/4760/ZAR20050712.pdf?sequence=3"
"ZAR20050712","Christians","Counterislamic Propaganda",NULL,"7/12/2005","Abu Musab al-Zarqawi","Clarification of Issues Raised By Sheikh Maqdisi During His Interview With Al-Jazeera Television",NULL,"Jihad Unspun","Caroline Clowney","Audio Transcript","All Users","http://thesis.haverford.edu/dspace/bitstream/handle/10066/4760/ZAR20050712.pdf?sequence=3"
"ZAR20050712","Christians","Enemy of Islam",NULL,"7/12/2005","Abu Musab al-Zarqawi","Clarification of Issues Raised By Sheikh Maqdisi During His Interview With Al-Jazeera Television",NULL,"Jihad Unspun","Caroline Clowney","Audio Transcript","All Users","http://thesis.haverford.edu/dspace/bitstream/handle/10066/4760/ZAR20050712.pdf?sequence=3"
"ZAR20050712","Crusaders","Oppression of Muslims",NULL,"7/12/2005","Abu Musab al-Zarqawi","Clarification of Issues Raised By Sheikh Maqdisi During His Interview With Al-Jazeera Television",NULL,"Jihad Unspun","Caroline Clowney","Audio Transcript","All Users","http://thesis.haverford.edu/dspace/bitstream/handle/10066/4760/ZAR20050712.pdf?sequence=3"
"ZAR20050712","Crusaders","Plundering of Muslim Wealth",NULL,"7/12/2005","Abu Musab al-Zarqawi","Clarification of Issues Raised By Sheikh Maqdisi During His Interview With Al-Jazeera Television",NULL,"Jihad Unspun","Caroline Clowney","Audio Transcript","All Users","http://thesis.haverford.edu/dspace/bitstream/handle/10066/4760/ZAR20050712.pdf?sequence=3"
"ZAR20050712","George W. Bush","Enemy of Islam",NULL,"7/12/2005","Abu Musab al-Zarqawi","Clarification of Issues Raised By Sheikh Maqdisi During His Interview With Al-Jazeera Television",NULL,"Jihad Unspun","Caroline Clowney","Audio Transcript","All Users","http://thesis.haverford.edu/dspace/bitstream/handle/10066/4760/ZAR20050712.pdf?sequence=3"
"ZAR20050712","Guantanamo Bay","Imprisonment",NULL,"7/12/2005","Abu Musab al-Zarqawi","Clarification of Issues Raised By Sheikh Maqdisi During His Interview With Al-Jazeera Television",NULL,"Jihad Unspun","Caroline Clowney","Audio Transcript","All Users","http://thesis.haverford.edu/dspace/bitstream/handle/10066/4760/ZAR20050712.pdf?sequence=3"
"ZAR20050712","Iraq","Duty of Jihad",NULL,"7/12/2005","Abu Musab al-Zarqawi","Clarification of Issues Raised By Sheikh Maqdisi During His Interview With Al-Jazeera Television",NULL,"Jihad Unspun","Caroline Clowney","Audio Transcript","All Users","http://thesis.haverford.edu/dspace/bitstream/handle/10066/4760/ZAR20050712.pdf?sequence=3"
"ZAR20050712","Iraq","Jihadi Strategy",NULL,"7/12/2005","Abu Musab al-Zarqawi","Clarification of Issues Raised By Sheikh Maqdisi During His Interview With Al-Jazeera Television",NULL,"Jihad Unspun","Caroline Clowney","Audio Transcript","All Users","http://thesis.haverford.edu/dspace/bitstream/handle/10066/4760/ZAR20050712.pdf?sequence=3"
"ZAR20050712","Iraq","Occupied",NULL,"7/12/2005","Abu Musab al-Zarqawi","Clarification of Issues Raised By Sheikh Maqdisi During His Interview With Al-Jazeera Television",NULL,"Jihad Unspun","Caroline Clowney","Audio Transcript","All Users","http://thesis.haverford.edu/dspace/bitstream/handle/10066/4760/ZAR20050712.pdf?sequence=3"
"ZAR20050712","Iraq","Outcome of Jihad",NULL,"7/12/2005","Abu Musab al-Zarqawi","Clarification of Issues Raised By Sheikh Maqdisi During His Interview With Al-Jazeera Television",NULL,"Jihad Unspun","Caroline Clowney","Audio Transcript","All Users","http://thesis.haverford.edu/dspace/bitstream/handle/10066/4760/ZAR20050712.pdf?sequence=3"
"ZAR20050712","Osama bin Laden","Leader of Jihad",NULL,"7/12/2005","Abu Musab al-Zarqawi","Clarification of Issues Raised By Sheikh Maqdisi During His Interview With Al-Jazeera Television",NULL,"Jihad Unspun","Caroline Clowney","Audio Transcript","All Users","http://thesis.haverford.edu/dspace/bitstream/handle/10066/4760/ZAR20050712.pdf?sequence=3"
"ZAR20050712","Shiites","Agent of the West",NULL,"7/12/2005","Abu Musab al-Zarqawi","Clarification of Issues Raised By Sheikh Maqdisi During His Interview With Al-Jazeera Television",NULL,"Jihad Unspun","Caroline Clowney","Audio Transcript","All Users","http://thesis.haverford.edu/dspace/bitstream/handle/10066/4760/ZAR20050712.pdf?sequence=3"
"ZAR20050712","Shiites","Counterislamic Propaganda",NULL,"7/12/2005","Abu Musab al-Zarqawi","Clarification of Issues Raised By Sheikh Maqdisi During His Interview With Al-Jazeera Television",NULL,"Jihad Unspun","Caroline Clowney","Audio Transcript","All Users","http://thesis.haverford.edu/dspace/bitstream/handle/10066/4760/ZAR20050712.pdf?sequence=3"
"ZAR20050712","Shiites","Religious Relations",NULL,"7/12/2005","Abu Musab al-Zarqawi","Clarification of Issues Raised By Sheikh Maqdisi During His Interview With Al-Jazeera Television",NULL,"Jihad Unspun","Caroline Clowney","Audio Transcript","All Users","http://thesis.haverford.edu/dspace/bitstream/handle/10066/4760/ZAR20050712.pdf?sequence=3"
"ZAR20050712","Shiites","Sectarianism",NULL,"7/12/2005","Abu Musab al-Zarqawi","Clarification of Issues Raised By Sheikh Maqdisi During His Interview With Al-Jazeera Television",NULL,"Jihad Unspun","Caroline Clowney","Audio Transcript","All Users","http://thesis.haverford.edu/dspace/bitstream/handle/10066/4760/ZAR20050712.pdf?sequence=3"
"ZAR20050712","Shiites","Target for Attack",NULL,"7/12/2005","Abu Musab al-Zarqawi","Clarification of Issues Raised By Sheikh Maqdisi During His Interview With Al-Jazeera Television",NULL,"Jihad Unspun","Caroline Clowney","Audio Transcript","All Users","http://thesis.haverford.edu/dspace/bitstream/handle/10066/4760/ZAR20050712.pdf?sequence=3"
"ZAR20050712","Sunnis","Religious Relations",NULL,"7/12/2005","Abu Musab al-Zarqawi","Clarification of Issues Raised By Sheikh Maqdisi During His Interview With Al-Jazeera Television",NULL,"Jihad Unspun","Caroline Clowney","Audio Transcript","All Users","http://thesis.haverford.edu/dspace/bitstream/handle/10066/4760/ZAR20050712.pdf?sequence=3"
"ZAR20050712","Sunnis","Sectarianism",NULL,"7/12/2005","Abu Musab al-Zarqawi","Clarification of Issues Raised By Sheikh Maqdisi During His Interview With Al-Jazeera Television",NULL,"Jihad Unspun","Caroline Clowney","Audio Transcript","All Users","http://thesis.haverford.edu/dspace/bitstream/handle/10066/4760/ZAR20050712.pdf?sequence=3"
"ZAR20050712","Youth","Duty of Jihad",NULL,"7/12/2005","Abu Musab al-Zarqawi","Clarification of Issues Raised By Sheikh Maqdisi During His Interview With Al-Jazeera Television",NULL,"Jihad Unspun","Caroline Clowney","Audio Transcript","All Users","http://thesis.haverford.edu/dspace/bitstream/handle/10066/4760/ZAR20050712.pdf?sequence=3"
